等级,升级价格,累计价格,1星升级价格,2星升级价格,3星升级价格,4星升级价格,5星升级价格,1星累计价格,2星累计价格,3星累计价格,4星累计价格,5星累计价格,,,,,,
1,1=10 2=20 3=40 4=80 5=160,1=0 2=0 3=0 4=0 5=0,15,30,60,120,240,0,0,0,0,0,,0,0,0,0,0
2,1=12 2=24 3=48 4=96 5=192,1=5 2=10 3=20 4=40 5=80,18,36,72,144,288,12,24,48,96,192,,15,30,60,120,240
3,1=14 2=28 3=56 4=112 5=224,1=11 2=22 3=44 4=88 5=176,21,42,84,168,336,26,52,105,211,422,,33,66,132,264,528
4,1=16 2=32 3=64 4=128 5=256,1=18 2=36 3=72 4=144 5=288,24,48,96,192,384,42,85,172,345,690,,54,108,216,432,864
5,1=18 2=36 3=72 4=144 5=288,1=26 2=52 3=104 4=208 5=416,27,54,108,216,432,61,123,248,498,997,,78,156,312,624,1248
6,1=20 2=40 3=80 4=160 5=320,1=35 2=70 3=140 4=280 5=560,30,60,120,240,480,82,166,334,670,1342,,105,210,420,840,1680
7,1=22 2=44 3=88 4=176 5=352,1=45 2=90 3=180 4=360 5=720,33,66,132,264,528,106,214,430,862,1726,,135,270,540,1080,2160
8,1=24 2=48 3=96 4=192 5=384,1=56 2=112 3=224 4=448 5=896,36,72,144,288,576,132,266,535,1073,2148,,168,336,672,1344,2688
9,1=26 2=52 3=104 4=208 5=416,1=68 2=136 3=272 4=544 5=1088,39,78,156,312,624,160,323,650,1303,2608,,204,408,816,1632,3264
10,1=28 2=56 3=112 4=224 5=448,1=81 2=162 3=324 4=648 5=1296,42,84,168,336,672,191,385,774,1552,3107,,243,486,972,1944,3888
11,1=30 2=60 3=120 4=240 5=480,1=95 2=190 3=380 4=760 5=1520,45,90,180,360,720,224,452,908,1820,3644,,285,570,1140,2280,4560
12,1=34 2=68 3=136 4=272 5=544,1=110 2=220 3=440 4=880 5=1760,48,96,192,384,768,260,524,1052,2108,4220,,330,660,1320,2640,5280
13,1=36 2=72 3=144 4=288 5=576,1=127 2=254 3=508 4=1016 5=2032,51,102,204,408,816,298,600,1205,2415,4834,,378,756,1512,3024,6048
14,1=40 2=80 3=160 4=320 5=640,1=145 2=290 3=580 4=1160 5=2320,54,108,216,432,864,338,681,1368,2741,5486,,429,858,1716,3432,6864
15,1=42 2=84 3=168 4=336 5=672,1=165 2=330 3=660 4=1320 5=2640,57,114,228,456,912,381,767,1540,3086,6177,,483,966,1932,3864,7728
16,1=46 2=92 3=184 4=368 5=736,1=186 2=372 3=744 4=1488 5=2976,63,126,252,504,1008,426,858,1722,3450,6906,,540,1080,2160,4320,8640
17,1=48 2=96 3=192 4=384 5=768,1=209 2=418 3=836 4=1672 5=3344,69,138,276,552,1104,476,958,1923,3853,7712,,603,1206,2412,4824,9648
18,1=52 2=104 3=208 4=416 5=832,1=233 2=466 3=932 4=1864 5=3728,75,150,300,600,1200,531,1068,2143,4294,8595,,672,1344,2688,5376,10752
19,1=54 2=108 3=216 4=432 5=864,1=259 2=518 3=1036 4=2072 5=4144,81,162,324,648,1296,591,1188,2383,4774,9555,,747,1494,2988,5976,11952
20,1=58 2=116 3=232 4=464 5=928,1=286 2=572 3=1144 4=2288 5=4576,87,174,348,696,1392,655,1317,2642,5292,10591,,828,1656,3312,6624,13248
21,1=62 2=124 3=248 4=496 5=992,1=315 2=630 3=1260 4=2520 5=5040,93,186,372,744,1488,724,1456,2920,5848,11704,,915,1830,3660,7320,14640
22,1=66 2=132 3=264 4=528 5=1056,1=346 2=692 3=1384 4=2768 5=5536,99,198,396,792,1584,798,1604,3217,6443,12894,,1008,2016,4032,8064,16128
23,1=70 2=140 3=280 4=560 5=1120,1=379 2=758 3=1516 4=3032 5=6064,105,210,420,840,1680,877,1762,3533,7076,14161,,1107,2214,4428,8856,17712
24,1=74 2=148 3=296 4=592 5=1184,1=414 2=828 3=1656 4=3312 5=6624,111,222,444,888,1776,961,1930,3869,7748,15505,,1212,2424,4848,9696,19392
25,1=78 2=156 3=312 4=624 5=1248,1=451 2=902 3=1804 4=3608 5=7216,117,234,468,936,1872,1049,2107,4224,8458,16925,,1323,2646,5292,10584,21168
26,1=82 2=164 3=328 4=656 5=1312,1=490 2=980 3=1960 4=3920 5=7840,123,246,492,984,1968,1142,2294,4598,9206,18422,,1440,2880,5760,11520,23040
27,1=86 2=172 3=344 4=688 5=1376,1=531 2=1062 3=2124 4=4248 5=8496,129,258,516,1032,2064,1240,2490,4991,9993,19996,,1563,3126,6252,12504,25008
28,1=90 2=180 3=360 4=720 5=1440,1=574 2=1148 3=2296 4=4592 5=9184,135,270,540,1080,2160,1343,2696,5403,10818,21647,,1692,3384,6768,13536,27072
29,1=94 2=188 3=376 4=752 5=1504,1=619 2=1238 3=2476 4=4952 5=9904,141,282,564,1128,2256,1451,2912,5835,11682,23375,,1827,3654,7308,14616,29232
30,1=98 2=196 3=392 4=784 5=1568,1=666 2=1332 3=2664 4=5328 5=10656,147,294,588,1176,2352,1563,3137,6286,12584,25179,,1968,3936,7872,15744,31488
31,1=102 2=204 3=408 4=816 5=1632,1=715 2=1430 3=2860 4=5720 5=11440,156,312,624,1248,2496,1680,3372,6756,13524,27060,,2115,4230,8460,16920,33840
32,1=108 2=216 3=432 4=864 5=1728,1=766 2=1532 3=3064 4=6128 5=12256,165,330,660,1320,2640,1804,3621,7255,14522,29056,,2271,4542,9084,18168,36336
33,1=112 2=224 3=448 4=896 5=1792,1=820 2=1640 3=3280 4=6560 5=13120,174,348,696,1392,2784,1936,3885,7783,15578,31168,,2436,4872,9744,19488,38976
34,1=118 2=236 3=472 4=944 5=1888,1=876 2=1752 3=3504 4=7008 5=14016,183,366,732,1464,2928,2075,4163,8339,16691,33395,,2610,5220,10440,20880,41760
35,1=122 2=244 3=488 4=976 5=1952,1=935 2=1870 3=3740 4=7480 5=14960,192,384,768,1536,3072,2221,4455,8924,17862,35737,,2793,5586,11172,22344,44688
36,1=128 2=256 3=512 4=1024 5=2048,1=996 2=1992 3=3984 4=7968 5=15936,201,402,804,1608,3216,2374,4762,9538,19090,38194,,2985,5970,11940,23880,47760
37,1=132 2=264 3=528 4=1056 5=2112,1=1060 2=2120 3=4240 4=8480 5=16960,210,420,840,1680,3360,2534,5083,10181,20376,40766,,3186,6372,12744,25488,50976
38,1=138 2=276 3=552 4=1104 5=2208,1=1126 2=2252 3=4504 4=9008 5=18016,219,438,876,1752,3504,2702,5419,10853,21720,43454,,3396,6792,13584,27168,54336
39,1=142 2=284 3=568 4=1136 5=2272,1=1195 2=2390 3=4780 4=9560 5=19120,228,456,912,1824,3648,2877,5769,11553,23121,46257,,3615,7230,14460,28920,57840
40,1=148 2=296 3=592 4=1184 5=2368,1=1266 2=2532 3=5064 4=10128 5=20256,237,474,948,1896,3792,3059,6133,12282,24580,49175,20级,3843,7686,15372,30744,61488
41,1=154 2=308 3=616 4=1232 5=2464,1=1340 2=2680 3=5360 4=10720 5=21440,246,492,984,1968,3936,3248,6512,13040,26096,52208,,4080,8160,16320,32640,65280
42,1=160 2=320 3=640 4=1280 5=2560,1=1417 2=2834 3=5668 4=11336 5=22672,255,510,1020,2040,4080,3444,6905,13827,27670,55356,,4326,8652,17304,34608,69216
43,1=166 2=332 3=664 4=1328 5=2656,1=1497 2=2994 3=5988 4=11976 5=23952,264,528,1056,2112,4224,3648,7313,14643,29302,58620,,4581,9162,18324,36648,73296
44,1=172 2=344 3=688 4=1376 5=2752,1=1580 2=3160 3=6320 4=12640 5=25280,273,546,1092,2184,4368,3859,7735,15487,30991,61999,,4845,9690,19380,38760,77520
45,1=178 2=356 3=712 4=1424 5=2848,1=1666 2=3332 3=6664 4=13328 5=26656,282,564,1128,2256,4512,4077,8171,16360,32738,65493,,5118,10236,20472,40944,81888
46,1=184 2=368 3=736 4=1472 5=2944,1=1755 2=3510 3=7020 4=14040 5=28080,294,588,1176,2352,4704,4302,8622,17262,34542,69102,,5400,10800,21600,43200,86400
47,1=190 2=380 3=760 4=1520 5=3040,1=1847 2=3694 3=7388 4=14776 5=29552,306,612,1224,2448,4896,4537,9092,18202,36423,72865,,5694,11388,22776,45552,91104
48,1=196 2=392 3=784 4=1568 5=3136,1=1942 2=3884 3=7768 4=15536 5=31072,318,636,1272,2544,5088,4781,9581,19181,38381,76781,,6000,12000,24000,48000,96000
49,1=202 2=404 3=808 4=1616 5=3232,1=2040 2=4080 3=8160 4=16320 5=32640,330,660,1320,2640,5280,5035,10089,20198,40416,80851,,6318,12636,25272,50544,101088
50,1=208 2=416 3=832 4=1664 5=3328,1=2141 2=4282 3=8564 4=17128 5=34256,342,684,1368,2736,5472,5299,10617,21254,42528,85075,,6648,13296,26592,53184,106368
51,1=214 2=428 3=856 4=1712 5=3424,1=2245 2=4490 3=8980 4=17960 5=35920,354,708,1416,2832,5664,5572,11164,22348,44716,89452,,6990,13980,27960,55920,111840
52,1=222 2=444 3=888 4=1776 5=3552,1=2352 2=4704 3=9408 4=18816 5=37632,366,732,1464,2928,5856,5855,11730,23480,46981,93983,,7344,14688,29376,58752,117504
53,1=228 2=456 3=912 4=1824 5=3648,1=2463 2=4926 3=9852 4=19704 5=39408,378,756,1512,3024,6048,6147,12315,24651,49323,98667,,7710,15420,30840,61680,123360
54,1=236 2=472 3=944 4=1888 5=3776,1=2577 2=5154 3=10308 4=20616 5=41232,390,780,1560,3120,6240,6449,12919,25860,51742,103505,,8088,16176,32352,64704,129408
55,1=242 2=484 3=968 4=1936 5=3872,1=2695 2=5390 3=10780 4=21560 5=43120,402,804,1608,3216,6432,6761,13543,27108,54238,108497,,8478,16956,33912,67824,135648
56,1=250 2=500 3=1000 4=2000 5=4000,1=2816 2=5632 3=11264 4=22528 5=45056,414,828,1656,3312,6624,7082,14186,28394,56810,113642,,8880,17760,35520,71040,142080
57,1=256 2=512 3=1024 4=2048 5=4096,1=2941 2=5882 3=11764 4=23528 5=47056,426,852,1704,3408,6816,7413,14848,29718,59459,118941,,9294,18588,37176,74352,148704
58,1=264 2=528 3=1056 4=2112 5=4224,1=3069 2=6138 3=12276 4=24552 5=49104,438,876,1752,3504,7008,7753,15529,31081,62185,124393,,9720,19440,38880,77760,155520
59,1=270 2=540 3=1080 4=2160 5=4320,1=3201 2=6402 3=12804 4=25608 5=51216,450,900,1800,3600,7200,8103,16229,32482,64988,129999,,10158,20316,40632,81264,162528
60,1=278 2=556 3=1112 4=2224 5=4448,1=3336 2=6672 3=13344 4=26688 5=53376,462,924,1848,3696,7392,8463,16949,33922,67868,135759,30级,10608,21216,42432,84864,169728
61,1=286 2=572 3=1144 4=2288 5=4576,1=3475 2=6950 3=13900 4=27800 5=55600,478,956,1912,3824,7648,8832,17688,35400,70824,141672,,11070,22140,44280,88560,177120
62,1=294 2=588 3=1176 4=2352 5=4704,1=3618 2=7236 3=14472 4=28944 5=57888,494,988,1976,3952,7904,9214,18452,36929,73883,147790,,11548,23096,46192,92384,184768
63,1=302 2=604 3=1208 4=2416 5=4832,1=3765 2=7530 3=15060 4=30120 5=60240,510,1020,2040,4080,8160,9609,19242,38509,77044,154113,,12042,24084,48168,96336,192672
64,1=310 2=620 3=1240 4=2480 5=4960,1=3916 2=7832 3=15664 4=31328 5=62656,526,1052,2104,4208,8416,10017,20058,40141,80308,160641,,12552,25104,50208,100416,200832
65,1=318 2=636 3=1272 4=2544 5=5088,1=4071 2=8142 3=16284 4=32568 5=65136,542,1084,2168,4336,8672,10437,20899,41824,83674,167373,,13078,26156,52312,104624,209248
66,1=326 2=652 3=1304 4=2608 5=5216,1=4230 2=8460 3=16920 4=33840 5=67680,558,1116,2232,4464,8928,10870,21766,43558,87142,174310,,13620,27240,54480,108960,217920
67,1=334 2=668 3=1336 4=2672 5=5344,1=4393 2=8786 3=17572 4=35144 5=70288,574,1148,2296,4592,9184,11316,22658,45343,90713,181452,,14178,28356,56712,113424,226848
68,1=342 2=684 3=1368 4=2736 5=5472,1=4560 2=9120 3=18240 4=36480 5=72960,590,1180,2360,4720,9440,11775,23576,47179,94386,188799,,14752,29504,59008,118016,236032
69,1=350 2=700 3=1400 4=2800 5=5600,1=4731 2=9462 3=18924 4=37848 5=75696,606,1212,2424,4848,9696,12247,24520,49067,98162,196351,,15342,30684,61368,122736,245472
70,1=358 2=716 3=1432 4=2864 5=5728,1=4906 2=9812 3=19624 4=39248 5=78496,622,1244,2488,4976,9952,12731,25489,51006,102040,204107,,15948,31896,63792,127584,255168
71,1=366 2=732 3=1464 4=2928 5=5856,1=5085 2=10170 3=20340 4=40680 5=81360,638,1276,2552,5104,10208,13228,26484,52996,106020,212068,,16570,33140,66280,132560,265120
72,1=376 2=752 3=1504 4=3008 5=6016,1=5268 2=10536 3=21072 4=42144 5=84288,654,1308,2616,5232,10464,13738,27504,55037,110103,220234,,17208,34416,68832,137664,275328
73,1=384 2=768 3=1536 4=3072 5=6144,1=5456 2=10912 3=21824 4=43648 5=87296,670,1340,2680,5360,10720,14261,28550,57129,114288,228605,,17862,35724,71448,142896,285792
74,1=394 2=788 3=1576 4=3152 5=6304,1=5648 2=11296 3=22592 4=45184 5=90368,686,1372,2744,5488,10976,14797,29622,59273,118576,237181,,18532,37064,74128,148256,296512
75,1=402 2=804 3=1608 4=3216 5=6432,1=5845 2=11690 3=23380 4=46760 5=93520,702,1404,2808,5616,11232,15345,30719,61468,122966,245961,,19218,38436,76872,153744,307488
76,1=412 2=824 3=1648 4=3296 5=6592,1=6046 2=12092 3=24184 4=48368 5=96736,723,1446,2892,5784,11568,15906,31842,63714,127458,254946,,19920,39840,79680,159360,318720
77,1=420 2=840 3=1680 4=3360 5=6720,1=6252 2=12504 3=25008 4=50016 5=100032,744,1488,2976,5952,11904,16484,32998,66027,132085,264200,,20643,41286,82572,165144,330288
78,1=430 2=860 3=1720 4=3440 5=6880,1=6462 2=12924 3=25848 4=51696 5=103392,765,1530,3060,6120,12240,17079,34188,68407,136846,273723,,21387,42774,85548,171096,342192
79,1=438 2=876 3=1752 4=3504 5=7008,1=6677 2=13354 3=26708 4=53416 5=106832,786,1572,3144,6288,12576,17691,35412,70855,141742,283515,,22152,44304,88608,177216,354432
80,1=448 2=896 3=1792 4=3584 5=7168,1=6896 2=13792 3=27584 4=55168 5=110336,807,1614,3228,6456,12912,18319,36669,73370,146772,293575,40级,22938,45876,91752,183504,367008
81,1=458 2=916 3=1832 4=3664 5=7328,1=7120 2=14240 3=28480 4=56960 5=113920,828,1656,3312,6624,13248,18964,37960,75952,151936,303904,,23745,47490,94980,189960,379920
82,1=468 2=936 3=1872 4=3744 5=7488,1=7349 2=14698 3=29396 4=58792 5=117584,849,1698,3396,6792,13584,19626,39284,78601,157235,314502,,24573,49146,98292,196584,393168
83,1=478 2=956 3=1912 4=3824 5=7648,1=7583 2=15166 3=30332 4=60664 5=121328,870,1740,3480,6960,13920,20305,40642,81317,162668,325369,,25422,50844,101688,203376,406752
84,1=488 2=976 3=1952 4=3904 5=7808,1=7822 2=15644 3=31288 4=62576 5=125152,891,1782,3564,7128,14256,21001,42034,84101,168236,336505,,26292,52584,105168,210336,420672
85,1=498 2=996 3=1992 4=3984 5=7968,1=8066 2=16132 3=32264 4=64528 5=129056,912,1824,3648,7296,14592,21713,43459,86952,173938,347909,,27183,54366,108732,217464,434928
86,1=508 2=1016 3=2032 4=4064 5=8128,1=8315 2=16630 3=33260 4=66520 5=133040,933,1866,3732,7464,14928,22442,44918,89870,179774,359582,,28095,56190,112380,224760,449520
87,1=518 2=1036 3=2072 4=4144 5=8288,1=8569 2=17138 3=34276 4=68552 5=137104,954,1908,3816,7632,15264,23188,46410,92855,185745,371524,,29028,58056,116112,232224,464448
88,1=528 2=1056 3=2112 4=4224 5=8448,1=8828 2=17656 3=35312 4=70624 5=141248,975,1950,3900,7800,15600,23951,47936,95907,191850,383735,,29982,59964,119928,239856,479712
89,1=538 2=1076 3=2152 4=4304 5=8608,1=9092 2=18184 3=36368 4=72736 5=145472,996,1992,3984,7968,15936,24731,49496,99027,198090,396215,,30957,61914,123828,247656,495312
90,1=548 2=1096 3=2192 4=4384 5=8768,1=9361 2=18722 3=37444 4=74888 5=149776,1017,2034,4068,8136,16272,25527,51089,102214,204464,408963,,31953,63906,127812,255624,511248
91,1=558 2=1116 3=2232 4=4464 5=8928,1=9635 2=19270 3=38540 4=77080 5=154160,1044,2088,4176,8352,16704,26340,52716,105468,210972,421980,,32970,65940,131880,263760,527520
92,1=570 2=1140 3=2280 4=4560 5=9120,1=9914 2=19828 3=39656 4=79312 5=158624,1071,2142,4284,8568,17136,27175,54386,108808,217653,435343,,34014,68028,136056,272112,544224
93,1=580 2=1160 3=2320 4=4640 5=9280,1=10199 2=20398 3=40796 4=81592 5=163184,1098,2196,4392,8784,17568,28031,56099,112235,224507,449051,,35085,70170,140340,280680,561360
94,1=592 2=1184 3=2368 4=4736 5=9472,1=10489 2=20978 3=41956 4=83912 5=167824,1125,2250,4500,9000,18000,28909,57855,115748,231534,463105,,36183,72366,144732,289464,578928
95,1=602 2=1204 3=2408 4=4816 5=9632,1=10785 2=21570 3=43140 4=86280 5=172560,1152,2304,4608,9216,18432,29809,59655,119348,238734,477505,,37308,74616,149232,298464,596928
96,1=614 2=1228 3=2456 4=4912 5=9824,1=11086 2=22172 3=44344 4=88688 5=177376,1179,2358,4716,9432,18864,30730,61498,123034,246106,492250,,38460,76920,153840,307680,615360
97,1=624 2=1248 3=2496 4=4992 5=9984,1=11393 2=22786 3=45572 4=91144 5=182288,1206,2412,4824,9648,19296,31673,63384,126806,253651,507341,,39639,79278,158556,317112,634224
98,1=636 2=1272 3=2544 4=5088 5=10176,1=11705 2=23410 3=46820 4=93640 5=187280,1233,2466,4932,9864,19728,32637,65313,130665,261369,522777,,40845,81690,163380,326760,653520
99,1=646 2=1292 3=2584 4=5168 5=10336,1=12023 2=24046 3=48092 4=96184 5=192368,1260,2520,5040,10080,20160,33623,67285,134610,269260,538559,,42078,84156,168312,336624,673248
100,1=658 2=1316 3=2632 4=5264 5=10528,1=12346 2=24692 3=49384 4=98768 5=197536,1287,2574,5148,10296,20592,34631,69301,138642,277324,554687,50级,43338,86676,173352,346704,693408
101,1=670 2=1340 3=2680 4=5360 5=10720,1=12675 2=25350 3=50700 4=101400 5=202800,1314,2628,5256,10512,21024,35660,71360,142760,285560,571160,,44625,89250,178500,357000,714000
102,1=682 2=1364 3=2728 4=5456 5=10912,1=13010 2=26020 3=52040 4=104080 5=208160,1341,2682,5364,10728,21456,36711,73462,146964,293969,587979,,45939,91878,183756,367512,735024
103,1=694 2=1388 3=2776 4=5552 5=11104,1=13351 2=26702 3=53404 4=106808 5=213616,1368,2736,5472,10944,21888,37783,75607,151255,302551,605143,,47280,94560,189120,378240,756480
104,1=706 2=1412 3=2824 4=5648 5=11296,1=13698 2=27396 3=54792 4=109584 5=219168,1395,2790,5580,11160,22320,38877,77795,155632,311306,622653,,48648,97296,194592,389184,778368
105,1=718 2=1436 3=2872 4=5744 5=11488,1=14051 2=28102 3=56204 4=112408 5=224816,1422,2844,5688,11376,22752,39993,80027,160096,320234,640509,,50043,100086,200172,400344,800688
106,1=730 2=1460 3=2920 4=5840 5=11680,1=14410 2=28820 3=57640 4=115280 5=230560,1456,2912,5824,11648,23296,41130,82302,164646,329334,658710,,51465,102930,205860,411720,823440
107,1=742 2=1484 3=2968 4=5936 5=11872,1=14775 2=29550 3=59100 4=118200 5=236400,1490,2980,5960,11920,23840,42294,84631,169305,338652,677346,,52921,105842,211684,423368,846736
108,1=754 2=1508 3=3016 4=6032 5=12064,1=15146 2=30292 3=60584 4=121168 5=242336,1524,3048,6096,12192,24384,43486,87015,174073,348188,696418,,54411,108822,217644,435288,870576
109,1=766 2=1532 3=3064 4=6128 5=12256,1=15523 2=31046 3=62092 4=124184 5=248368,1558,3116,6232,12464,24928,44705,89453,178949,357941,715925,,55935,111870,223740,447480,894960
110,1=778 2=1556 3=3112 4=6224 5=12448,1=15906 2=31812 3=63624 4=127248 5=254496,1592,3184,6368,12736,25472,45951,91945,183934,367912,735867,,57493,114986,229972,459944,919888
111,1=790 2=1580 3=3160 4=6320 5=12640,1=16295 2=32590 3=65180 4=130360 5=260720,1626,3252,6504,13008,26016,47224,94492,189028,378100,756244,,59085,118170,236340,472680,945360
112,1=804 2=1608 3=3216 4=6432 5=12864,1=16690 2=33380 3=66760 4=133520 5=267040,1660,3320,6640,13280,26560,48524,97093,194231,388506,777056,,60711,121422,242844,485688,971376
113,1=816 2=1632 3=3264 4=6528 5=13056,1=17092 2=34184 3=68368 4=136736 5=273472,1694,3388,6776,13552,27104,49852,99749,199543,399130,798304,,62371,124742,249484,498968,997936
114,1=830 2=1660 3=3320 4=6640 5=13280,1=17500 2=35000 3=70000 4=140000 5=280000,1728,3456,6912,13824,27648,51207,102459,204963,409971,819987,,64065,128130,256260,512520,1025040
115,1=842 2=1684 3=3368 4=6736 5=13472,1=17915 2=35830 3=71660 4=143320 5=286640,1762,3524,7048,14096,28192,52589,105223,210492,421030,842105,,65793,131586,263172,526344,1052688
116,1=856 2=1712 3=3424 4=6848 5=13696,1=18336 2=36672 3=73344 4=146688 5=293376,1796,3592,7184,14368,28736,53998,108042,216130,432306,864658,,67555,135110,270220,540440,1080880
117,1=868 2=1736 3=3472 4=6944 5=13888,1=18764 2=37528 3=75056 4=150112 5=300224,1830,3660,7320,14640,29280,55434,110915,221877,443800,887646,,69351,138702,277404,554808,1109616
118,1=882 2=1764 3=3528 4=7056 5=14112,1=19198 2=38396 3=76792 4=153584 5=307168,1864,3728,7456,14912,29824,56898,113843,227733,455512,911070,,71181,142362,284724,569448,1138896
119,1=894 2=1788 3=3576 4=7152 5=14304,1=19639 2=39278 3=78556 4=157112 5=314224,1898,3796,7592,15184,30368,58389,116825,233697,467441,934929,,73045,146090,292180,584360,1168720
120,1=908 2=1816 3=3632 4=7264 5=14528,1=20086 2=40172 3=80344 4=160688 5=321376,1932,3864,7728,15456,30912,59907,119861,239770,479588,959223,60级,74943,149886,299772,599544,1199088
121,1=922 2=1844 3=3688 4=7376 5=14752,1=20540 2=41080 3=82160 4=164320 5=328640,1974,3948,7896,15792,31584,61452,122952,245952,491952,983952,,76875,153750,307500,615000,1230000
122,1=936 2=1872 3=3744 4=7488 5=14976,1=21001 2=42002 3=84004 4=168008 5=336016,2016,4032,8064,16128,32256,63031,126110,252268,504585,1009219,,78849,157698,315396,630792,1261584
123,1=950 2=1900 3=3800 4=7600 5=15200,1=21469 2=42938 3=85876 4=171752 5=343504,2058,4116,8232,16464,32928,64643,129335,258719,517487,1035023,,80865,161730,323460,646920,1293840
124,1=964 2=1928 3=3856 4=7712 5=15424,1=21944 2=43888 3=87776 4=175552 5=351104,2100,4200,8400,16800,33600,66289,132627,265304,530658,1061365,,82923,165846,331692,663384,1326768
125,1=978 2=1956 3=3912 4=7824 5=15648,1=22426 2=44852 3=89704 4=179408 5=358816,2142,4284,8568,17136,34272,67969,135987,272024,544098,1088245,,85023,170046,340092,680184,1360368
126,1=992 2=1984 3=3968 4=7936 5=15872,1=22915 2=45830 3=91660 4=183320 5=366640,2184,4368,8736,17472,34944,69682,139414,278878,557806,1115662,,87165,174330,348660,697320,1394640
127,1=1006 2=2012 3=4024 4=8048 5=16096,1=23411 2=46822 3=93644 4=187288 5=374576,2226,4452,8904,17808,35616,71429,142908,285866,571783,1143617,,89349,178698,357396,714792,1429584
128,1=1020 2=2040 3=4080 4=8160 5=16320,1=23914 2=47828 3=95656 4=191312 5=382624,2268,4536,9072,18144,36288,73209,146469,292989,586029,1172109,,91575,183150,366300,732600,1465200
129,1=1034 2=2068 3=4136 4=8272 5=16544,1=24424 2=48848 3=97696 4=195392 5=390784,2310,4620,9240,18480,36960,75023,150097,300246,600544,1201139,,93843,187686,375372,750744,1501488
130,1=1048 2=2096 3=4192 4=8384 5=16768,1=24941 2=49882 3=99764 4=199528 5=399056,2352,4704,9408,18816,37632,76871,153793,307638,615328,1230707,,96153,192306,384612,769224,1538448
131,1=1062 2=2124 3=4248 4=8496 5=16992,1=25465 2=50930 3=101860 4=203720 5=407440,2394,4788,9576,19152,38304,78752,157556,315164,630380,1260812,,98505,197010,394020,788040,1576080
132,1=1078 2=2156 3=4312 4=8624 5=17248,1=25996 2=51992 3=103984 4=207968 5=415936,2436,4872,9744,19488,38976,80667,161386,322824,645701,1291455,,100899,201798,403596,807192,1614384
133,1=1092 2=2184 3=4368 4=8736 5=17472,1=26535 2=53070 3=106140 4=212280 5=424560,2478,4956,9912,19824,39648,82615,165283,330619,661291,1322635,,103335,206670,413340,826680,1653360
134,1=1108 2=2216 3=4432 4=8864 5=17728,1=27081 2=54162 3=108324 4=216648 5=433296,2520,5040,10080,20160,40320,84597,169247,338548,677150,1354353,,105813,211626,423252,846504,1693008
135,1=1122 2=2244 3=4488 4=8976 5=17952,1=27635 2=55270 3=110540 4=221080 5=442160,2562,5124,10248,20496,40992,86613,173279,346612,693278,1386609,,108333,216666,433332,866664,1733328
136,1=1138 2=2276 3=4552 4=9104 5=18208,1=28196 2=56392 3=112784 4=225568 5=451136,2613,5226,10452,20904,41808,88662,177378,354810,709674,1419402,,110895,221790,443580,887160,1774320
137,1=1152 2=2304 3=4608 4=9216 5=18432,1=28765 2=57530 3=115060 4=230120 5=460240,2664,5328,10656,21312,42624,90752,181558,363171,726397,1452848,,113508,227016,454032,908064,1816128
138,1=1168 2=2336 3=4672 4=9344 5=18688,1=29341 2=58682 3=117364 4=234728 5=469456,2715,5430,10860,21720,43440,92883,185820,371695,743446,1486947,,116172,232344,464688,929376,1858752
139,1=1182 2=2364 3=4728 4=9456 5=18912,1=29925 2=59850 3=119700 4=239400 5=478800,2766,5532,11064,22128,44256,95055,190164,380383,760822,1521699,,118887,237774,475548,951096,1902192
140,1=1198 2=2396 3=4792 4=9584 5=19168,1=30516 2=61032 3=122064 4=244128 5=488256,2817,5634,11268,22536,45072,97267,194589,389234,778524,1557103,70级,121653,243306,486612,973224,1946448
141,1=1214 2=2428 3=4856 4=9712 5=19424,1=31115 2=62230 3=124460 4=248920 5=497840,2868,5736,11472,22944,45888,99520,199096,398248,796552,1593160,,124470,248940,497880,995760,1991520
142,1=1230 2=2460 3=4920 4=9840 5=19680,1=31722 2=63444 3=126888 4=253776 5=507552,2919,5838,11676,23352,46704,101814,203684,407425,814907,1629870,,127338,254676,509352,1018704,2037408
143,1=1246 2=2492 3=4984 4=9968 5=19936,1=32337 2=64674 3=129348 4=258696 5=517392,2970,5940,11880,23760,47520,104149,208354,416765,833588,1667233,,130257,260514,521028,1042056,2084112
144,1=1262 2=2524 3=5048 4=10096 5=20192,1=32960 2=65920 3=131840 4=263680 5=527360,3021,6042,12084,24168,48336,106525,213106,426269,852596,1705249,,133227,266454,532908,1065816,2131632
145,1=1278 2=2556 3=5112 4=10224 5=20448,1=33591 2=67182 3=134364 4=268728 5=537456,3072,6144,12288,24576,49152,108941,217939,435936,871930,1743917,,136248,272496,544992,1089984,2179968
146,1=1294 2=2588 3=5176 4=10352 5=20704,1=34230 2=68460 3=136920 4=273840 5=547680,3123,6246,12492,24984,49968,111398,222854,445766,891590,1783238,,139320,278640,557280,1114560,2229120
147,1=1310 2=2620 3=5240 4=10480 5=20960,1=34877 2=69754 3=139508 4=279016 5=558032,3174,6348,12696,25392,50784,113896,227850,455759,911577,1823212,,142443,284886,569772,1139544,2279088
148,1=1326 2=2652 3=5304 4=10608 5=21216,1=35532 2=71064 3=142128 4=284256 5=568512,3225,6450,12900,25800,51600,116435,232928,465915,931890,1863839,,145617,291234,582468,1164936,2329872
149,1=1342 2=2684 3=5368 4=10736 5=21472,1=36195 2=72390 3=144780 4=289560 5=579120,3276,6552,13104,26208,52416,119015,238088,476235,952530,1905119,,148842,297684,595368,1190736,2381472
150,1=1358 2=2716 3=5432 4=10864 5=21728,1=36866 2=73732 3=147464 4=294928 5=589856,3327,6654,13308,26616,53232,121635,243329,486718,973496,1947051,,152118,304236,608472,1216944,2433888
151,1=1374 2=2748 3=5496 4=10992 5=21984,1=37545 2=75090 3=150180 4=300360 5=600720,3389,6778,13556,27112,54224,124296,248652,497364,994788,1989636,,155445,310890,621780,1243560,2487120
152,1=1392 2=2784 3=5568 4=11136 5=22272,1=38232 2=76464 3=152928 4=305856 5=611712,3451,6902,13804,27608,55216,127007,254074,508208,1016477,2033015,,158834,317668,635336,1270672,2541344
153,1=1408 2=2816 3=5632 4=11264 5=22528,1=38928 2=77856 3=155712 4=311424 5=622848,3513,7026,14052,28104,56208,129767,259595,519251,1038563,2077187,,162285,324570,649140,1298280,2596560
154,1=1426 2=2852 3=5704 4=11408 5=22816,1=39632 2=79264 3=158528 4=317056 5=634112,3575,7150,14300,28600,57200,132577,265215,530492,1061046,2122153,,165798,331596,663192,1326384,2652768
155,1=1442 2=2884 3=5768 4=11536 5=23072,1=40345 2=80690 3=161380 4=322760 5=645520,3637,7274,14548,29096,58192,135437,270935,541932,1083926,2167913,,169373,338746,677492,1354984,2709968
156,1=1460 2=2920 3=5840 4=11680 5=23360,1=41066 2=82132 3=164264 4=328528 5=657056,3699,7398,14796,29592,59184,138346,276754,553570,1107202,2214466,,173010,346020,692040,1384080,2768160
157,1=1476 2=2952 3=5904 4=11808 5=23616,1=41796 2=83592 3=167184 4=334368 5=668736,3761,7522,15044,30088,60176,141305,282672,565406,1130875,2261813,,176709,353418,706836,1413672,2827344
158,1=1494 2=2988 3=5976 4=11952 5=23904,1=42534 2=85068 3=170136 4=340272 5=680544,3823,7646,15292,30584,61168,144313,288689,577441,1154945,2309953,,180470,360940,721880,1443760,2887520
159,1=1510 2=3020 3=6040 4=12080 5=24160,1=43281 2=86562 3=173124 4=346248 5=692496,3885,7770,15540,31080,62160,147371,294805,589674,1179412,2358887,,184293,368586,737172,1474344,2948688
160,1=1528 2=3056 3=6112 4=12224 5=24448,1=44036 2=88072 3=176144 4=352288 5=704576,3947,7894,15788,31576,63152,150479,301021,602106,1204276,2408615,80级,188178,376356,752712,1505424,3010848
161,1=1546 2=3092 3=6184 4=12368 5=24736,1=44800 2=89600 3=179200 4=358400 5=716800,4021,8042,16084,32168,64336,153636,307336,614736,1229536,2459136,,192125,384250,768500,1537000,3074000
162,1=1564 2=3128 3=6256 4=12512 5=25024,1=45573 2=91146 3=182292 4=364584 5=729168,4095,8190,16380,32760,65520,156852,313769,627603,1255270,2510604,,196146,392292,784584,1569168,3138336
163,1=1582 2=3164 3=6328 4=12656 5=25312,1=46355 2=92710 3=185420 4=370840 5=741680,4169,8338,16676,33352,66704,160128,320321,640707,1281478,2563020,,200241,400482,800964,1601928,3203856
164,1=1600 2=3200 3=6400 4=12800 5=25600,1=47146 2=94292 3=188584 4=377168 5=754336,4243,8486,16972,33944,67888,163463,326991,654047,1308159,2616383,,204410,408820,817640,1635280,3270560
165,1=1618 2=3236 3=6472 4=12944 5=25888,1=47946 2=95892 3=191784 4=383568 5=767136,4317,8634,17268,34536,69072,166857,333779,667624,1335314,2670693,,208653,417306,834612,1669224,3338448
166,1=1636 2=3272 3=6544 4=13088 5=26176,1=48755 2=97510 3=195020 4=390040 5=780080,4391,8782,17564,35128,70256,170310,340686,681438,1362942,2725950,,212970,425940,851880,1703760,3407520
167,1=1654 2=3308 3=6616 4=13232 5=26464,1=49573 2=99146 3=198292 4=396584 5=793168,4465,8930,17860,35720,71440,173822,347711,695489,1391044,2782154,,217361,434722,869444,1738888,3477776
168,1=1672 2=3344 3=6688 4=13376 5=26752,1=50400 2=100800 3=201600 4=403200 5=806400,4539,9078,18156,36312,72624,177394,354855,709777,1419620,2839306,,221826,443652,887304,1774608,3549216
169,1=1690 2=3380 3=6760 4=13520 5=27040,1=51236 2=102472 3=204944 4=409888 5=819776,4613,9226,18452,36904,73808,181025,362117,724301,1448669,2897405,,226365,452730,905460,1810920,3621840
170,1=1708 2=3416 3=6832 4=13664 5=27328,1=52081 2=104162 3=208324 4=416648 5=833296,4687,9374,18748,37496,74992,184715,369497,739062,1478192,2956451,,230978,461956,923912,1847824,3695648
171,1=1726 2=3452 3=6904 4=13808 5=27616,1=52935 2=105870 3=211740 4=423480 5=846960,4774,9548,19096,38192,76384,188464,376996,754060,1508188,3016444,,235665,471330,942660,1885320,3770640
172,1=1746 2=3492 3=6984 4=13968 5=27936,1=53798 2=107596 3=215192 4=430384 5=860768,4861,9722,19444,38888,77776,192283,384634,769336,1538741,3077551,,240439,480878,961756,1923512,3847024
173,1=1764 2=3528 3=7056 4=14112 5=28224,1=54671 2=109342 3=218684 4=437368 5=874736,4948,9896,19792,39584,79168,196171,392411,784891,1569851,3139771,,245300,490600,981200,1962400,3924800
174,1=1784 2=3568 3=7136 4=14272 5=28544,1=55553 2=111106 3=222212 4=444424 5=888848,5035,10070,20140,40280,80560,200129,400327,800724,1601518,3203105,,250248,500496,1000992,2001984,4003968
175,1=1802 2=3604 3=7208 4=14416 5=28832,1=56445 2=112890 3=225780 4=451560 5=903120,5122,10244,20488,40976,81952,204157,408383,816836,1633742,3267553,,255283,510566,1021132,2042264,4084528
176,1=1822 2=3644 3=7288 4=14576 5=29152,1=57346 2=114692 3=229384 4=458768 5=917536,5209,10418,20836,41672,83344,208254,416578,833226,1666522,3333114,,260405,520810,1041620,2083240,4166480
177,1=1840 2=3680 3=7360 4=14720 5=29440,1=58257 2=116514 3=233028 4=466056 5=932112,5296,10592,21184,42368,84736,212421,424912,849894,1699859,3399789,,265614,531228,1062456,2124912,4249824
178,1=1860 2=3720 3=7440 4=14880 5=29760,1=59177 2=118354 3=236708 4=473416 5=946832,5383,10766,21532,43064,86128,216657,433385,866841,1733753,3467577,,270910,541820,1083640,2167280,4334560
179,1=1878 2=3756 3=7512 4=15024 5=30048,1=60107 2=120214 3=240428 4=480856 5=961712,5470,10940,21880,43760,87520,220963,441997,884066,1768204,3536479,,276293,552586,1105172,2210344,4420688
180,1=1898 2=3796 3=7592 4=15184 5=30368,1=61046 2=122092 3=244184 4=488368 5=976736,5557,11114,22228,44456,88912,225339,450749,901570,1803212,3606495,90级,281763,563526,1127052,2254104,4508208
181,1=1918 2=3836 3=7672 4=15344 5=30688,1=61995 2=123990 3=247980 4=495960 5=991920,5648,11296,22592,45184,90368,229784,459640,919352,1838776,3677624,,287320,574640,1149280,2298560,4597120
182,1=1938 2=3876 3=7752 4=15504 5=31008,1=62954 2=125908 3=251816 4=503632 5=1007264,5739,11478,22956,45912,91824,234302,468676,937425,1874923,3749918,,292968,585936,1171872,2343744,4687488
183,1=1958 2=3916 3=7832 4=15664 5=31328,1=63923 2=127846 3=255692 4=511384 5=1022768,5830,11660,23320,46640,93280,238893,477858,955789,1911652,3823377,,298707,597414,1194828,2389656,4779312
184,1=1978 2=3956 3=7912 4=15824 5=31648,1=64902 2=129804 3=259608 4=519216 5=1038432,5921,11842,23684,47368,94736,243557,487186,974445,1948964,3898001,,304537,609074,1218148,2436296,4872592
185,1=1998 2=3996 3=7992 4=15984 5=31968,1=65891 2=131782 3=263564 4=527128 5=1054256,6012,12024,24048,48096,96192,248293,496659,993392,1986858,3973789,,310458,620916,1241832,2483664,4967328
186,1=2018 2=4036 3=8072 4=16144 5=32288,1=66890 2=133780 3=267560 4=535120 5=1070240,6103,12206,24412,48824,97648,253102,506278,1012630,2025334,4050742,,316470,632940,1265880,2531760,5063520
187,1=2038 2=4076 3=8152 4=16304 5=32608,1=67899 2=135798 3=271596 4=543192 5=1086384,6194,12388,24776,49552,99104,257984,516042,1032159,2064393,4128860,,322573,645146,1290292,2580584,5161168
188,1=2058 2=4116 3=8232 4=16464 5=32928,1=68918 2=137836 3=275672 4=551344 5=1102688,6285,12570,25140,50280,100560,262939,525952,1051979,2104034,4208143,,328767,657534,1315068,2630136,5260272
189,1=2078 2=4156 3=8312 4=16624 5=33248,1=69947 2=139894 3=279788 4=559576 5=1119152,6376,12752,25504,51008,102016,267967,536008,1072091,2144258,4288591,,335052,670104,1340208,2680416,5360832
190,1=2098 2=4196 3=8392 4=16784 5=33568,1=70986 2=141972 3=283944 4=567888 5=1135776,6467,12934,25868,51736,103472,273067,546209,1092494,2185064,4370203,,341428,682856,1365712,2731424,5462848
191,1=2118 2=4236 3=8472 4=16944 5=33888,1=72035 2=144070 3=288140 4=576280 5=1152560,6573,13146,26292,52584,105168,278240,556556,1113188,2226452,4452980,,347895,695790,1391580,2783160,5566320
192,1=2140 2=4280 3=8560 4=17120 5=34240,1=73094 2=146188 3=292376 4=584752 5=1169504,6679,13358,26716,53432,106864,283498,567072,1134221,2268519,4537114,,354468,708936,1417872,2835744,5671488
193,1=2160 2=4320 3=8640 4=17280 5=34560,1=74164 2=148328 3=296656 4=593312 5=1186624,6785,13570,27140,54280,108560,288841,577758,1155593,2311264,4622605,,361147,722294,1444588,2889176,5778352
194,1=2182 2=4364 3=8728 4=17456 5=34912,1=75244 2=150488 3=300976 4=601952 5=1203904,6891,13782,27564,55128,110256,294269,588614,1177305,2354688,4709453,,367932,735864,1471728,2943456,5886912
195,1=2202 2=4404 3=8808 4=17616 5=35232,1=76335 2=152670 3=305340 4=610680 5=1221360,6997,13994,27988,55976,111952,299781,599639,1199356,2398790,4797657,,374823,749646,1499292,2998584,5997168
196,1=2224 2=4448 3=8896 4=17792 5=35584,1=77436 2=154872 3=309744 4=619488 5=1238976,7103,14206,28412,56824,113648,305378,610834,1221746,2443570,4887218,,381820,763640,1527280,3054560,6109120
197,1=2244 2=4488 3=8976 4=17952 5=35904,1=78548 2=157096 3=314192 4=628384 5=1256768,7209,14418,28836,57672,115344,311060,622198,1244475,2489029,4978136,,388923,777846,1555692,3111384,6222768
198,1=2266 2=4532 3=9064 4=18128 5=36256,1=79670 2=159340 3=318680 4=637360 5=1274720,7315,14630,29260,58520,117040,316827,633732,1267543,2535166,5070411,,396132,792264,1584528,3169056,6338112
199,1=2286 2=4572 3=9144 4=18288 5=36576,1=80803 2=161606 3=323212 4=646424 5=1292848,7421,14842,29684,59368,118736,322679,645436,1290951,2581982,5164043,,403447,806894,1613788,3227576,6455152
200,1=2308 2=4616 3=9232 4=18464 5=36928,1=81946 2=163892 3=327784 4=655568 5=1311136,7527,15054,30108,60216,120432,328615,657309,1314698,2629476,5259031,100级,410868,821736,1643472,3286944,6573888
